[
    {
      "id": 1,
      "firstName": "John",
      "lastName": "Doe",
      "dob": "2005-04-12",
      "grade": "10"
    },
    {
      "id": 2,
      "firstName": "Jane",
      "lastName": "Smith",
      "dob": "2006-08-24",
      "grade": "9"
    },
    {
      "id": 3,
      "firstName": "Alice",
      "lastName": "Johnson",
      "dob": "2004-11-05",
      "grade": "12"
    },
    {
      "id": 4,
      "firstName": "Bob",
      "lastName": "Brown",
      "dob": "2007-02-19",
      "grade": "8"
    },
    {
      "id": 5,
      "firstName": "Charlie",
      "lastName": "Davis",
      "dob": "2005-06-30",
      "grade": "10"
    }
  ]
  